cos_theta,r,g,b
0.0,1.000002250974382,0.999999587491553,0.9999972738306075
9.5367431640625e-07,0.9999998628166907,0.9999977539903572,0.9999959164808322
3.814697265625e-06,0.9999926984075668,0.9999922535242111,0.9999918444510071
8.58306884765625e-06,0.9999807579388791,0.9999830862054521,0.9999850577996438
1.52587890625e-05,0.9999640417304745,0.9999702522213516,0.9999755566242767
2.384185791015625e-05,0.9999425502302901,0.9999537518341692,0.9999633410614946
3.4332275390625e-05,0.9999162840145002,0.9999335853812392,0.9999484112869721
4.673004150390625e-05,0.9998852437877016,0.9999097532750773,0.9999307675155231
6.103515625e-05,0.9998494303831532,0.9998822560035091,0.9999104100011565
7.724761962890625e-05,0.999808844763043,0.9998510941298265,0.9998873390371467
9.5367431640625e-05,0.9997634880188109,0.9998162682929628,0.9998615549561131
0.00011539459228515625,0.9997133613715045,0.9997777792076954,0.9998330581301098
0.0001373291015625,0.999658466172179,0.99973562766487,0.9998018489707309
0.00016117095947265625,0.9995988039023396,0.9996898145316495,0.9997679279292159
0.000186920166015625,0.9995343761744252,0.9996403407517841,0.9997312954965782
0.00021457672119140625,0.9994651847323335,0.9995872073459072,0.9996919522037359
0.000244140625,0.9993912314519886,0.9995304154118545,0.9996498986216537
0.00027561187744140625,0.9993125183419441,0.9994699661250035,0.999605135361499
0.000308990478515625,0.9992290475440373,0.9994058607386397,0.9995576630748072
0.00034427642822265625,0.999140821334075,0.9993381005843438,0.9995074824536553
0.0003814697265625,0.9990478421225663,0.9992666870724006,0.999454594230847
0.00042057037353515625,0.9989501124554868,0.9991916216922376,0.9993989991801112
0.000461578369140625,0.9988476350150959,0.999112906012875,0.9993406981163059
0.0005044937133789062,0.998740412620785,0.9990305416834085,0.9992796918956366
0.00054931640625,0.9986284482299629,0.998944530433513,0.9992159814158832
0.0005960464477539062,0.9985117449389911,0.9988548740739609,0.9991495676166368
0.000644683837890625,0.9983903059841532,0.9987615744971728,0.999080451479548
0.0006952285766601562,0.9982641347426537,0.9986646336777876,0.9990086340285846
0.0007476806640625,0.9981332347336759,0.9985640536732469,0.9989341163303007
0.0008020401000976562,0.997997609619454,0.9984598366244166,0.998856899494113
0.000858306884765625,0.997857263206404,0.9983519847562149,0.9987769846725919
0.0009164810180664062,0.997712199446282,0.9982405003782717,0.9986943730617581
0.0009765625,0.997562422437374,0.9981253858856071,0.9986090659013923
0.0010385513305664062,0.9974079364257434,0.9980066437593265,0.9985210644753519
0.001102447509765625,0.997248745806486,0.9978842765673495,0.9984303701119023
0.0011682510375976562,0.9970848551250473,0.9977582869651413,0.9983369841840529
0.0012359619140625,0.9969162690785583,0.9976286776964852,0.9982409081099071
0.0013055801391601562,0.9967429925172206,0.9974954515942568,0.9981421433530172
0.001377105712890625,0.996565030445706,0.997358611581236,0.9980406914227568
0.0014505386352539062,0.9963823880246157,0.9972181606709252,0.9979365538746946
0.00152587890625,0.9961950705719532,0.997074101968397,0.9978297323109815
0.0016031265258789062,0.9960030835646415,0.9969264386711562,0.9977202283807487
0.001682281494140625,0.9958064326400677,0.9967751740700254,0.9976080437805127
0.0017633438110351562,0.9956051235976656,0.9966203115500473,0.9974931802545907
0.0018463134765625,0.995399162400523,0.9964618545914077,0.9973756395955259
0.0019311904907226562,0.9951885551770276,0.9962998067703783,0.9972554236445207
0.002017974853515625,0.9949733082225397,0.9961341717602757,0.99713253429188
0.0021066665649414062,0.9947534280010955,0.9959649533324414,0.9970069734774641
0.002197265625,0.9945289211471385,0.9957921553572392,0.9968787431911508
0.0022897720336914062,0.9942997944672906,0.9956157818050698,0.9967478454733035
0.002384185791015625,0.9940660549421315,0.9954358367474067,0.9966142824152514
0.0024805068969726562,0.9938277097280279,0.9952523243578438,0.9964780561597798
0.0025787353515625,0.9935847661589727,0.9950652489131665,0.9963391689016238
0.0026788711547851562,0.9933372317484638,0.9948746147944342,0.9961976228879751
0.002780914306640625,0.9930851141913999,0.9946804264880849,0.9960534204189968
0.0028848648071289062,0.9928284213660037,0.9944826885870497,0.9959065638483443
0.00299072265625,0.9925671613357755,0.9942814057918914,0.9957570555836989
0.0030984878540039062,0.9923013423514584,0.9940765829119521,0.9956048980873026
0.003208160400390625,0.9920309728530406,0.9938682248665196,0.995450093876511
0.0033197402954101562,0.9917560614717741,0.993656336686005,0.9952926455243443
0.0034332275390625,0.9914766170322062,0.9934409235131451,0.9951325556600528
0.0035486221313476562,0.9911926485542494,0.9932219906042055,0.9949698269696889
0.003665924072265625,0.9909041652552556,0.9929995433302083,0.9948044621966846
0.0037851333618164062,0.9906111765521202,0.9927735871781693,0.9946364641424402
0.00390625,0.9903136920633977,0.9925441277523492,0.9944658356669167
0.004029273986816406,0.99001172161144,0.9923111707755172,0.9942925796892396
0.004154205322265625,0.9897052752245424,0.9920747220902311,0.9941166991883086
0.004281044006347656,0.9893943631391243,0.991834787660121,0.9939381972034109
0.0044097900390625,0.9890789958018977,0.991591373571197,0.993757076834849
0.004540443420410156,0.9887591838720758,0.9913444860331575,0.9935733412445691
0.004673004150390625,0.9884349382235778,0.9910941313807148,0.9933869936567983
0.004807472229003906,0.9881062699472525,0.9908403160749288,0.9931980373586901
0.00494384765625,0.9877731903531152,0.9905830467045526,0.993006475700975
0.005082130432128906,0.9874357109725851,0.9903223299873875,0.992812312098617
0.005222320556640625,0.9870938435607429,0.9900581727716455,0.9926155500314802
0.005364418029785156,0.986747600098595,0.989790582037323,0.9924161930449944
0.0055084228515625,0.9863969927953344,0.9895195648975835,0.9922142447508346
0.005654335021972656,0.9860420340906239,0.9892451286001455,0.9920097088276029
0.005802154541015625,0.9856827366568682,0.9889672805286811,0.9918025890215136
0.005951881408691406,0.9853191134015045,0.9886860282042197,0.991592889147091
0.006103515625,0.984951177469287,0.9884013792865565,0.9913806130878645
0.006257057189941406,0.9845789422445751,0.988113341575675,0.9911657647970747
0.006412506103515625,0.9842024213536223,0.9878219230131642,0.9909483482983841
0.006569862365722656,0.9838216286668688,0.9875271316836504,0.9907283676865898
0.0067291259765625,0.9834365783012253,0.9872289758162272,0.9905058271283438
0.006890296936035156,0.983047284622363,0.9869274637858921,0.9902807308628776
0.007053375244140625,0.9826537622469892,0.9866226041149893,0.9900530832027314
0.007218360900878906,0.9822560260451261,0.9863144054746491,0.9898228885344867
0.00738525390625,0.9818540911423802,0.9860028766862372,0.9895901513195035
0.007554054260253906,0.9814479729222099,0.9856880267227986,0.989354876094663
0.007724761962890625,0.9810376870281647,0.9853698647105111,0.9891170674731129
0.007897377014160156,0.980623249366148,0.98504839993013,0.9888767301450154
0.0080718994140625,0.9802046761066346,0.9847236418184423,0.9886338688783022
0.008248329162597656,0.9797819836868976,0.9843955999697145,0.9883884885194283
0.008426666259765625,0.9793551888132132,0.9840642841371416,0.988140593994132
0.008606910705566406,0.9789243084630496,0.9837297042342948,0.9878901903081977
0.0087890625,0.9784893598872442,0.9833918703365666,0.9876372825482218
0.008973121643066406,0.9780503606121599,0.9830507926826113,0.9873818758823777
0.009159088134765625,0.9776073284418195,0.9827064816757883,0.9871239755611871
0.009346961975097656,0.9771602814600294,0.9823589478855921,0.9868635869182945
0.0095367431640625,0.9767092380324673,0.982008202049086,0.9866007153712375
0.009728431701660156,0.9762542168087588,0.9816542550723275,0.9863353664222256
0.009922027587890625,0.975795236724525,0.9812971180317834,0.9860675456589169
0.010117530822753906,0.9753323170033996,0.9809368021757483,0.9857972587551971
0.01031494140625,0.9748654771590296,0.9805733189257453,0.9855245114719595
0.010514259338378906,0.9743947369970337,0.9802066798779269,0.9852493096578872
0.010715484619140625,0.9739201166169423,0.9798368968044608,0.9849716592502327
0.010918617248535156,0.9734416364140958,0.9794639816549123,0.9846915662756036
0.0111236572265625,0.972959317081521,0.9790879465576127,0.9844090368507412
0.011330604553222656,0.9724731796117574,0.9787088038210184,0.9841240771833067
0.011539459228515625,0.9719832452986652,0.9783265659350605,0.9838366935726613
0.011750221252441406,0.9714895357391823,0.9779412455724771,0.9835468924106492
0.011962890625,0.9709920728350471,0.9775528555901397,0.9832546801823802
0.012177467346191406,0.9704908787944806,0.9771614090303609,0.9829600634670072
0.012393951416015625,0.9699859761338291,0.97676691912219,0.9826630489385095
0.012612342834472656,0.9694773876791571,0.9763693992826946,0.9823636433664668
0.0128326416015625,0.9689651365677995,0.9759688631182241,0.9820618536168388
0.013054847717285156,0.9684492462498697,0.9755653244256577,0.9817576866527394
0.013278961181640625,0.967929740489712,0.9751587971936383,0.9814511495352068
0.013504981994628906,0.9674066433673129,0.9747492956037828,0.9811422494239758
0.01373291015625,0.9668799792796567,0.9743368340318783,0.9808309935782447
0.013962745666503906,0.9663497729420281,0.9739214270490578,0.9805173893574398
0.014194488525390625,0.9658160493892625,0.9735030894229554,0.9802014442219754
0.014428138732910156,0.9652788339769414,0.9730818361188411,0.979883165734016
0.0146636962890625,0.9647381523825321,0.9726576823007306,0.979562561558224
0.014901161193847656,0.9641940306064578,0.9722306433324808,0.9792396394625161
0.015140533447265625,0.9636464949731297,0.9718007347788513,0.978914407318806
0.015381813049316406,0.9630955721318935,0.9713679724065516,0.9785868731037467
0.015625,0.9625412890579259,0.970932372185258,0.978257044899468
0.015870094299316406,0.9619836730530694,0.9704939502886072,0.9779249308943057
0.016117095947265625,0.9614227517465919,0.9700527230951592,0.977590539383533
0.016366004943847656,0.960858553095882,0.9696087071893434,0.9772538787700755
0.0166168212890625,0.9602911053870806,0.9691619193623641,0.9769149575652287
0.016869544982910156,0.9597204372356364,0.9687123766130855,0.9765737843893667
0.017124176025390625,0.9591465775867891,0.968260096148887,0.976230367972644
0.017380714416503906,0.9585695557159852,0.9678050953864827,0.9758847171556897
0.01763916015625,0.9579894012292117,0.9673473919527178,0.9755368408902972
0.017899513244628906,0.9574061440632634,0.9668870036853245,0.9751867482401032
0.018161773681640625,0.9568198144859205,0.9664239486336546,0.9748344483812622
0.018425941467285156,0.9562304430960572,0.965958245059369,0.974479950603111
0.0186920166015625,0.9556380608236676,0.9654899114371034,0.9741232643088239
0.018959999084472656,0.9550426989298066,0.965018966455089,0.973764399016064
0.019229888916015625,0.9544443890064545,0.9645454290157449,0.9734033643576185
0.019501686096191406,0.9538431629762891,0.96406931823623,0.973040170082031
0.019775390625,0.9532390530923803,0.9635906534489609,0.9726748260542222
0.020051002502441406,0.9526320919377947,0.9631094542020877,0.9723073422560973
0.020328521728515625,0.9520223124251097,0.9626257402599347,0.9719377287871497
0.020607948303222656,0.9514097477958422,0.9621395316033998,0.9715659958650489
0.0208892822265625,0.9507944316197885,0.9616508484303129,0.9711921538262198
0.021172523498535156,0.9501763977942635,0.9611597111557569,0.9708162131264101
0.021457672119140625,0.9495556805432613,0.960666140412341,0.9704381843412474
0.021744728088378906,0.9489323144165086,0.9601701570504373,0.9700580781667834
0.02203369140625,0.9483063342884317,0.9596717821383711,0.9696759054200254
0.022324562072753906,0.9476777753570237,0.959171036962567,0.9692916770394572
0.022617340087890625,0.9470466731426156,0.9586679430276523,0.9689054040855472
0.022912025451660156,0.9464130634865544,0.958162522056513,0.9685170977412398
0.0232086181640625,0.9457769825497688,0.9576547959903046,0.9681267693124391
0.023507118225097656,0.9451384668112534,0.957144786988416,0.9677344302284733
0.023807525634765625,0.9444975530664342,0.9566325174283872,0.9673400920425502
0.024109840393066406,0.9438542784254494,0.9561180099057743,0.9669437664321926
0.0244140625,0.9432086803113127,0.9556012872339732,0.966545465199664
0.024720191955566406,0.9425607964579829,0.9550823724439863,0.966145200272378
0.025028228759765625,0.9419106649083239,0.9545612887841453,0.965742983703289
0.025338172912597656,0.9412583240119697,0.954038059719776,0.9653388276712723
0.0256500244140625,0.9406038124230697,0.95351270893282,0.9649327444814837
0.025963783264160156,0.9399471690979386,0.9529852603213997,0.9645247465657055
0.026279449462890625,0.9392884332925979,0.952455737999329,0.9641148464826754
0.026597023010253906,0.9386276445602068,0.9519241662955771,0.963703056918397
0.02691650390625,0.9379648427483914,0.9513905697536708,0.9632893906864329
0.027237892150878906,0.9373000679964574,0.9508549731310497,0.9628738607281843
0.027561187744140625,0.936633360732503,0.9503174013983612,0.9624564801131443
0.027886390686035156,0.9359647616704212,0.949777879738704,0.9620372620391427
0.0282135009765625,0.9352943118067857,0.9492364335468125,0.9616162198325644
0.028542518615722656,0.9346220524176378,0.9486930884281868,0.9611933669485517
0.028873443603515625,0.933948025055158,0.948147870198166,0.9607687169711882
0.029206275939941406,0.9332722715442296,0.9476008048809427,0.9603422836136611
0.029541015625,0.9325948339788899,0.9470519187085219,0.9599140807184051
0.029877662658691406,0.9319157547186754,0.9465012381196197,0.9594841222572255
0.030216217041015625,0.9312350763848575,0.945948789758503,0.9590524223313993
0.030556678771972656,0.9305528418565612,0.9453946004737753,0.9586189951717583
0.0308990478515625,0.9298690942667862,0.9448386973170946,0.9581838551387487
0.031243324279785156,0.9291838769983072,0.9442811075418397,0.9577470167224686
0.031589508056640625,0.9284972336794725,0.9437218586017126,0.9573084945426871
0.031937599182128906,0.9278092081798869,0.9431609781492807,0.9568683033488369
0.03228759765625,0.9271198446059958,0.9425984940344588,0.9564264580199875
0.032639503479003906,0.9264291872965525,0.9420344343029307,0.9559829735647943
0.032993316650390625,0.9257372808179799,0.9414688271945089,0.9555378651214257
0.033349037170410156,0.9250441699596252,0.940901701141435,0.9550911479574656
0.0337066650390625,0.9243498997289142,0.9403330847666153,0.9546428374697921
0.034066200256347656,0.9236545153463861,0.939763006881797,0.9541929491844349
0.034427642822265625,0.9229580622406364,0.9391914964856832,0.9537414987564052
0.034790992736816406,0.9222605860431504,0.9386185827619827,0.953288501969502
0.03515625,0.9215621325830269,0.9380442950774015,0.9528339747360967
0.035523414611816406,0.9208627478816106,0.9374686629795708,0.9523779330968863
0.035892486572265625,0.9201624781470163,0.9368917161949104,0.9519203932206299
0.036263465881347656,0.9194613697685484,0.9363134846264347,0.95146137140385
0.0366363525390625,0.9187594693110285,0.935733998351492,0.9510008840705172
0.037011146545410156,0.918056823509019,0.9351532876194457,0.9505389477717016
0.037387847900390625,0.9173534792609542,0.9345713828492871,0.9500755791852024
0.037766456604003906,0.9166494836231671,0.9339883146271962,0.9496107951151488
0.03814697265625,0.9159448838038313,0.9334041137040286,0.9491446124915748
0.038529396057128906,0.9152397271567992,0.9328188109927513,0.9486770483699677
0.038913726806640625,0.914534061175358,0.9322324375658101,0.9482081199307872
0.039299964904785156,0.9138279334858876,0.9316450246524368,0.9477378444789594
0.0396881103515625,0.9131213918414308,0.9310566036359003,0.9472662394433428
0.040078163146972656,0.9124144841151807,0.9304672060506877,0.9467933223761636
0.040470123291015625,0.9117072582938782,0.9298768635796323,0.9463191109524283
0.040863990783691406,0.9109997624711231,0.9292856080509777,0.9458436229693025
0.041259765625,0.910292044840611,0.9286934714353846,0.9453668763454643
0.041657447814941406,0.9095841536892822,0.9281004858428731,0.9448888891204296
0.042057037353515625,0.9088761373903943,0.9275066835197109,0.944409679453845
0.042458534240722656,0.9081680443965219,0.9269120968452392,0.943929265624758
0.0428619384765625,0.9074599232324749,0.9263167583286436,0.9434476660308512
0.043267250061035156,0.9067518224881532,0.9257207006056623,0.9429648991876504
0.043674468994140625,0.9060437908113211,0.9251239564352411,0.9424809837277057
0.044083595275878906,0.9053358769003246,0.9245265586961301,0.9419959383997387
0.04449462890625,0.9046281294967314,0.9239285403834244,0.9415097820677637
0.044907569885253906,0.9039205973779167,0.923329934605047,0.9410225337101747
0.045322418212890625,0.9032133293495831,0.9227307745781815,0.9405342124188087
0.045739173889160156,0.9025063742382228,0.9221310936256454,0.9400448373979732
0.0461578369140625,0.9017997808835242,0.9215309251722109,0.9395544279634476
0.046578407287597656,0.9010935981307224,0.9209303027408765,0.9390630035414524
0.047000885009765625,0.9003878748229027,0.9203292599490809,0.9385705836675886
0.047425270080566406,0.8996826597932461,0.9197278305048707,0.9380771879857476
0.0478515625,0.898978001857245,0.9191260482030112,0.9375828362469898
0.048279762268066406,0.8982739498048562,0.9185239469210555,0.937087548308394
0.048709869384765625,0.8975705523926266,0.9179215606153572,0.9365913441318752
0.049141883850097656,0.896867858335779,0.9173189233170386,0.9360942437829719
0.0495758056640625,0.8961659163002543,0.9167160691279138,0.9355962674296053
0.050011634826660156,0.8954647748947346,0.9161130322163601,0.9350974353408057
0.050449371337890625,0.8947644826626241,0.9155098468131502,0.934597767885409
0.050889015197753906,0.8940650880740116,0.9149065472072363,0.9340972855307234
0.05133056640625,0.8933666395176076,0.9143031677414923,0.933596008841164
0.051774024963378906,0.8926691852926549,0.9136997428084158,0.9330939584768622
0.052219390869140625,0.891972773600835,0.9130963068457849,0.9325911551922372
0.052666664123535156,0.8912774525381412,0.9124928943322799,0.9320876198345441
0.0531158447265625,0.8905832700867562,0.9118895397830638,0.9315833733423878
0.053566932678222656,0.8898902741069137,0.9112862777453247,0.9310784367442089
0.054019927978515625,0.8891985123287541,0.9106831427937849,0.9305728311567387
0.054474830627441406,0.8885080323441791,0.9100801695261717,0.9300665777834257
0.054931640625,0.8878188815987086,0.9094773925586556,0.9295596979128294
0.055390357971191406,0.8871311073833376,0.9088748465212569,0.9290522129169895
0.055850982666015625,0.8864447568264057,0.9082725660532192,0.9285441442497595
0.056313514709472656,0.885759876885465,0.9076705857983558,0.9280355134451188
0.0567779541015625,0.8850765143391839,0.9070689404003625,0.9275263421154473
0.057244300842285156,0.8843947157792339,0.9064676644981107,0.9270166519497772
0.057712554931640625,0.8837145276022355,0.9058667927209058,0.9265064647120144
0.058182716369628906,0.8830359960016871,0.9052663596837286,0.9259958022391294
0.05865478515625,0.8823591669599553,0.9046663999824491,0.9254846864393247
0.059128761291503906,0.8816840862402665,0.9040669481890222,0.9249731392901681
0.059604644775390625,0.8810107993787485,0.9034680388466589,0.9244611828367029
0.060082435607910156,0.8803393516765032,0.9028697064649823,0.9239488391895289
0.0605621337890625,0.8796697881917106,0.9022719855151664,0.9234361305228569
0.061043739318847656,0.8790021537317881,0.9016749104250552,0.9229230790725329
0.061527252197265625,0.8783364928455785,0.9010785155742755,0.9224097071340424
0.062012672424316406,0.8776728498156074,0.9004828352893275,0.9218960370604801
0.0625,0.8770112686503655,0.8998879038386726,0.921382091260501
0.0629892349243164,0.8763517930766702,0.899293755427806,0.9208678921962407
0.06348037719726562,0.8756944665320705,0.8987004241943238,0.9203534623812117
0.06397342681884766,0.8750393321573141,0.8981079442029859,0.9198388243781777
0.0644683837890625,0.874386432788882,0.8975163494407691,0.9193240007969968
0.06496524810791016,0.8737358109515871,0.8969256738119226,0.9188090142924468
0.06546401977539062,0.8730875088512422,0.896335951133016,0.9182938875620245
0.0659646987915039,0.8724415683674028,0.8957472151279943,0.9177786433437183
0.06646728515625,0.8717980310461815,0.8951594994232299,0.9172633044137627
0.0669717788696289,0.8711569380931468,0.8945728375425772,0.916747893584369
0.06747817993164062,0.8705183303662936,0.8939872629024384,0.9162324337014295
0.06798648834228516,0.8698822483691113,0.8934028088068284,0.9157169476422055
0.0684967041015625,0.869248732243722,0.8928195084424551,0.9152014583129915
0.06900882720947266,0.8686178217641266,0.8922373948738022,0.9146859886467584
0.06952285766601562,0.8679895563295256,0.8916565010382316,0.9141705616007774
0.0700387954711914,0.8673639749577501,0.8910768597410943,0.9136552001542229
0.070556640625,0.8667411162787765,0.8904985036508565,0.9131399273057564
0.0710763931274414,0.8661210185283545,0.8899214652942437,0.9126247660710943
0.07159805297851562,0.8655037195417256,0.8893457770514045,0.9121097394805514
0.07212162017822266,0.8648892567474562,0.8887714711510896,0.9115948705765728
0.0726470947265625,0.8642776671613713,0.8881985796658591,0.9110801824112463
0.07317447662353516,0.8636689873806023,0.8876271345073072,0.910565698043796
0.07370376586914062,0.8630632535777464,0.8870571674213131,0.9100514405380647
0.0742349624633789,0.862460501495136,0.8864887099833239,0.9095374329599758
0.07476806640625,0.8618607664392302,0.8859217935936564,0.9090236983749836
0.0753030776977539,0.8612640832751202,0.8853564494728378,0.9085102598455094
0.07583999633789062,0.8606704864211624,0.8847927086569704,0.9079971404283602
0.07637882232666016,0.8600800098437206,0.8842306019931359,0.9074843631721399
0.0769195556640625,0.8594926870520497,0.8836701601348275,0.9069719511146443
0.07746219635009766,0.8589085510932922,0.8831114135374253,0.9064599272802449
0.07800674438476562,0.8583276345476079,0.8825543924537039,0.9059483146772633
0.0785531997680664,0.8577499695234356,0.8819991269293816,0.9054371362953328
0.0791015625,0.8571755876528838,0.8814456467987098,0.9049264151027517
0.0796518325805664,0.8566045200872521,0.8808939816801071,0.9044161740438277
0.08020401000976562,0.8560367974926918,0.8803441609718328,0.9039064360362128
0.08075809478759766,0.8554724500459997,0.8797962138477096,0.9033972239682309
0.0813140869140625,0.8549115074305499,0.8792501692528911,0.9028885606961988
0.08187198638916016,0.8543539988323642,0.8787060558996792,0.9023804690417409
0.08243179321289062,0.8537999529363218,0.8781639022633891,0.9018729717890965
0.0829935073852539,0.8532493979225129,0.8776237365782672,0.9013660916824249
0.08355712890625,0.8527023614627288,0.8770855868334582,0.900859851423104
0.0841226577758789,0.852158870717098,0.8765494807690335,0.9003542736670265
0.08469009399414062,0.85161895233087,0.8760154458720651,0.8998493810218936
0.08525943756103516,0.8510826324313385,0.8754835093727608,0.8993451960445056
0.0858306884765625,0.850549936624908,0.8749536982406618,0.898841741238052
0.08640384674072266,0.8500208899943176,0.8744260391808878,0.8983390390494014
0.08697891235351562,0.8494955170959977,0.8739005586304539,0.8978371118663894
0.0875558853149414,0.848973841957585,0.8733772827546419,0.8973359820151109
0.088134765625,0.8484558880755797,0.8728562374434367,0.896835671757212
0.0887155532836914,0.847941678413153,0.8723374483080248,0.8963362032871837
0.08929824829101562,0.8474312353980993,0.8718209406773635,0.8958375987296598
0.08988285064697266,0.8469245809209457,0.8713067395948052,0.8953398801367196
0.0904693603515625,0.8464217363331976,0.8707948698148009,0.8948430694851937
0.09105777740478516,0.8459227224457454,0.8702853557996627,0.8943471886739763
0.09164810180664062,0.8454275595274131,0.8697782217164003,0.8938522595213432
0.0922403335571289,0.844936267303658,0.8692734914336251,0.8933583037622765
0.09283447265625,0.8444488649554176,0.8687711885185267,0.8928653430457993
0.0934305191040039,0.8439653711181067,0.8682713362339215,0.8923733989323153
0.09402847290039062,0.8434858038807611,0.8677739575353712,0.8918824928909609
0.09462833404541016,0.8430101807853309,0.8672790750683802,0.8913926462969652
0.0952301025390625,0.8425385188261159,0.8667867111656624,0.8909038804290228
0.09583377838134766,0.8420708344493569,0.8662968878444851,0.8904162164666752
0.09643936157226562,0.8416071435529645,0.8658096268040889,0.8899296754877098
0.0970468521118164,0.8411474614863987,0.8653249494231847,0.8894442784655641
0.09765625,0.8406918030506859,0.8648428767575286,0.888960046266752
0.0982675552368164,0.8402401824985953,0.8643634295375692,0.8884769996482995
0.09888076782226562,0.8397926135349378,0.8638866281661827,0.8879951592551962
0.09949588775634766,0.8393491093170237,0.8634124927164787,0.8875145456178659
0.1001129150390625,0.8389096824552544,0.8629410429296904,0.88703517914965
0.10073184967041016,0.8384743450138522,0.8624722982131449,0.8865570801443114
0.10135269165039062,0.8380431085117367,0.8620062776383072,0.8860802687735561
0.1019754409790039,0.8376159839235294,0.8615429999389174,0.8856047650845712
0.10260009765625,0.837192981680704,0.8610824835091967,0.8851305889975871
0.1032266616821289,0.8367741116728642,0.8606247464021425,0.8846577603034564
0.10385513305664062,0.8363593832491605,0.8601698063279047,0.8841862986612561
0.10448551177978516,0.8359488052198374,0.8597176806522411,0.8837162235959094
0.1051177978515625,0.8355423858579114,0.8592683863950571,0.883247554495832
0.10575199127197266,0.8351401329009774,0.8588219402290292,0.8827803106106017
0.10638809204101562,0.8347420535531485,0.8583783584783097,0.88231451104865
0.1070261001586914,0.8343481544871155,0.8579376571173116,0.8818501747749798
0.107666015625,0.8339584418463288,0.8574998517695858,0.8813873206089065
0.1083078384399414,0.8335729212473166,0.8570649577067682,0.8809259672218279
0.10895156860351562,0.8331915977821075,0.8566329898476199,0.8804661331350189
0.10959720611572266,0.8328144760207848,0.8562039627571467,0.8800078367174504
0.1102447509765625,0.8324415600141503,0.8557778906458011,0.879551096183642
0.11089420318603516,0.8320728532965065,0.8553547873687688,0.8790959295915373
0.11154556274414062,0.8317083588885563,0.854934666425335,0.8786423548404119
0.1121988296508789,0.831348079300403,0.8545175409583373,0.8781903896688081
0.11285400390625,0.8309920165346749,0.8541034237536973,0.8777400516525031
0.1135110855102539,0.8306401720897454,0.8536923272400352,0.8772913582025036
0.11417007446289062,0.8302925469630615,0.8532842634883675,0.876844326563075
0.11483097076416016,0.8299491416545813,0.8528792442118845,0.8763989738098001
0.1154937744140625,0.8296099561703038,0.8524772807658105,0.8759553168476724
0.11615848541259766,0.8292749900259018,0.852078384147343,0.8755133724092196
0.11682510375976562,0.8289442422504562,0.8516825649956736,0.8750731570526621
0.1174936294555664,0.8286177113902732,0.8512898335920884,0.874634687160105
0.1181640625,0.8282953955128088,0.850900199860147,0.8741979789357627
0.1188364028930664,0.8279772922106681,0.8505136733659424,0.8737630484042208
0.11951065063476562,0.8276633986057047,0.8501302633184381,0.873329911408733
0.12018680572509766,0.8273537113531971,0.8497499785698818,0.8728985836095495
0.1208648681640625,0.8270482266461145,0.8493728276162981,0.8724690804822873
0.12154483795166016,0.826746940219457,0.8489988185980585,0.8720414173163321
0.12222671508789062,0.826449847354678,0.8486279593005263,0.8716156092132819
0.1229104995727539,0.8261569428841883,0.8482602571547728,0.8711916710854203
0.12359619140625,0.8258682211959173,0.8478957192383793,0.8707696176542367
0.1242837905883789,0.8255836762379647,0.8475343522762983,0.8703494634489769
0.12497329711914062,0.8253033015233102,0.8471761626418007,0.869931222805235
0.12566471099853516,0.8250270901345865,0.8468211563574879,0.8695149098635859
0.1263580322265625,0.8247550347289315,0.8464693390963759,0.8691005385682516
0.12705326080322266,0.8244871275428854,0.8461207161830555,0.8686881226658107
0.12775039672851562,0.824223360397357,0.8457752925949148,0.8682776757039474
0.1284494400024414,0.8239637247026421,0.8454330729634371,0.8678692110302371
0.129150390625,0.8237082114635021,0.8450940615755619,0.8674627417909748
0.1298532485961914,0.8234568112842887,0.8447582623751188,0.8670582809300436
0.13055801391601562,0.8232095143741216,0.8444256789643209,0.8666558411878214
0.13126468658447266,0.8229663105521136,0.8440963146053279,0.8662554351001301
0.1319732666015625,0.8227271892526393,0.8437701722218731,0.8658570749972254
0.13268375396728516,0.8224921395306469,0.8434472544009523,0.8654607730028276
0.13339614868164062,0.8222611500670116,0.8431275633945766,0.8650665410331927
0.1341104507446289,0.8220342091739252,0.8428111011215847,0.8646743907962248
0.13482666015625,0.8218113048003233,0.8424978691695161,0.8642843337906315
0.1355447769165039,0.8215924245373402,0.8421878687965454,0.8638963813051188
0.13626480102539062,0.8213775556238085,0.8418811009334696,0.8635105444176288
0.13698673248291016,0.821166684951768,0.8415775661857602,0.8631268339946175
0.1377105712890625,0.8209597990720174,0.8412772648356621,0.8627452606903777
0.13843631744384766,0.8207568841996818,0.8409801968443557,0.8623658349463992
0.13916397094726562,0.8205579262198064,0.8406863618541662,0.8619885669907733
0.1398935317993164,0.820362910692965,0.8403957591908285,0.8616134668376398
0.140625,0.8201718228608937,0.840108387865804,0.8612405442866742
0.1413583755493164,0.8199846476521293,0.8398242465786466,0.8608698089226159
0.14209365844726562,0.8198013696876763,0.8395433337194143,0.8605012701148408
0.14283084869384766,0.8196219732866648,0.8392656473711367,0.8601349370169745
0.1435699462890625,0.8194464424720411,0.8389911853123209,0.8597708185665446
0.14431095123291016,0.8192747609762437,0.8387199450195079,0.8594089234846788
0.14505386352539062,0.8191069122468958,0.8384519236698729,0.8590492602758413
0.1457986831665039,0.8189428794525043,0.8381871181438628,0.8586918372276111
0.14654541015625,0.8187826454881462,0.8379255250278869,0.8583366624105035
0.1472940444946289,0.8186261929811701,0.8376671406170351,0.85798374367783
0.14804458618164062,0.8184735042968788,0.8374119609178486,0.8576330886655986
0.14879703521728516,0.8183245615442234,0.837159981651115,0.8572847047924606
0.1495513916015625,0.8181793465814775,0.8369111982547137,0.8569385992596891
0.15030765533447266,0.8180378410219111,0.8366656058864876,0.8565947790512056
0.15106582641601562,0.8179000262394495,0.8364231994271545,0.8562532509336432
0.1518259048461914,0.8177658833743243,0.836183973483248,0.85591402145645
0.152587890625,0.817635393338708,0.8359479223900946,0.8555770969520317
0.1533517837524414,0.8175085368223334,0.8357150402148196,0.8552424835359357
0.15411758422851562,0.8173852942980973,0.8354853207593805,0.8549101871070725
0.15488529205322266,0.8172656460276447,0.8352587575636335,0.8545802133479773
0.1556549072265625,0.8171495720669333,0.8350353439084235,0.8542525677251087
0.15642642974853516,0.8170370522717737,0.8348150728187015,0.8539272554891878
0.15719985961914062,0.8169280663033517,0.8345979370666687,0.8536042816755723
0.1579751968383789,0.8168225936337193,0.8343839291749385,0.853283651104674
0.15875244140625,0.8167206135512645,0.8341730414197278,0.8529653683824054
0.1595315933227539,0.8166221051661495,0.8339652658340662,0.8526494379006716
0.16031265258789062,0.8165270474157237,0.8337605942110241,0.8523358638378931
0.16109561920166016,0.8164354190699059,0.8335590181069618,0.8520246501595675
0.1618804931640625,0.8163471987365264,0.833360528844797,0.8517158006188683
0.16266727447509766,0.8162623648666514,0.8331651175172855,0.8514093187572751
0.16345596313476562,0.8161808957598592,0.8329727749903197,0.8511052079052438
0.1642465591430664,0.8161027695694861,0.8327834919062431,0.8508034711829086
0.1650390625,0.8160279643078423,0.8325972586871724,0.8505041115008192
0.1658334732055664,0.8159564578513772,0.8324140655383373,0.8502071315607116
0.16662979125976562,0.815888227945814,0.8322339024514296,0.8499125338563132
0.16742801666259766,0.8158232522112444,0.8320567592079592,0.8496203206741811
0.1682281494140625,0.8157615081471797,0.8318826253826229,0.8493304940945718
0.16903018951416016,0.8157029731375638,0.8317114903466775,0.8490430559923433
0.16983413696289062,0.8156476244557351,0.8315433432713226,0.8487580080378906
0.1706399917602539,0.8155954392693578,0.831378173131085,0.848475351698111
0.17144775390625,0.8155463946452934,0.8312159687072125,0.8481950882373996
0.1722574234008789,0.8155004675544409,0.8310567185910663,0.8479172187186772
0.17306900024414062,0.8154576348765197,0.8309004111875179,0.8476417440044459
0.17388248443603516,0.8154178734048122,0.8307470347183497,0.8473686647578749
0.1746978759765625,0.8153811598508559,0.8305965772256508,0.8470979814439159
0.17551517486572266,0.8153474708490851,0.8304490265752168,0.8468296943304453
0.17633438110351562,0.8153167829614336,0.8303043704599448,0.8465638034894347
0.1771554946899414,0.8152890726818651,0.8301625964032309,0.8463003087981501
0.177978515625,0.815264316440882,0.8300236917623571,0.8460392099403751
0.1788034439086914,0.815242490609962,0.8298876437318801,0.8457805064076628
0.17963027954101562,0.8152235715059505,0.8297544393470097,0.8455241975006125
0.18045902252197266,0.8152075353954006,0.8296240654869882,0.8452702823301705
0.1812896728515625,0.8151943584988611,0.8294965088784538,0.8450187598189582
0.18212223052978516,0.8151840169951098,0.8293717560988033,0.8447696287026217
0.18295669555664062,0.8151764870253354,0.8292497935795421,0.8445228875312049
0.1837930679321289,0.8151717446972622,0.8291306076096278,0.8442785346705489
0.18463134765625,0.8151697660892234,0.8290141843388007,0.8440365683037087
0.1854715347290039,0.8151705272541829,0.8289005097809026,0.8437969864323975
0.18631362915039062,0.8151740042236946,0.8287895698171871,0.8435597868784469
0.18715763092041016,0.8151801730118088,0.8286813501996166,0.8433249672852918
0.1880035400390625,0.8151890096189315,0.8285758365541411,0.8430925251194743
0.18885135650634766,0.8152004900356175,0.8284730143839688,0.8428624576721656
0.18970108032226562,0.8152145902463118,0.8283728690728182,0.84263476206071
0.1905527114868164,0.8152312862330361,0.8282753858881581,0.8424094352301855
0.19140625,0.8152505539790197,0.8281805499844246,0.8421864739549821
0.1922616958618164,0.8152723694722682,0.8280883464062317,0.8419658748403999
0.19311904907226562,0.8152967087090888,0.827998760091552,0.8417476343242595
0.19397830963134766,0.8153235476975417,0.8279117758748903,0.8415317486785348
0.1948394775390625,0.8153528624608509,0.8278273784904318,0.841318214010997
0.19570255279541016,0.8153846290407498,0.8277455525751714,0.8411070262668742
0.19656753540039062,0.8154188235007734,0.8276662826720272,0.8408981812305281
0.1974344253540039,0.815455421929493,0.8275895532329288,0.8406916745271417
0.19830322265625,0.8154944004436953,0.8275153486218862,0.8404875016244239
0.1991739273071289,0.8155357351915054,0.8274436531180382,0.8402856578343231
0.20004653930664062,0.8155794023554522,0.827374450918677,0.8400861383147572
0.20092105865478516,0.8156253781554808,0.8273077261422513,0.8398889380713517
0.2017974853515625,0.8156736388519051,0.827243462831345,0.8396940519591929
0.20267581939697266,0.8157241607483076,0.8271816449556348,0.8395014746845885
0.20355606079101562,0.8157769201943835,0.8271222564148208,0.8393112008068401
0.2044382095336914,0.8158318935887237,0.8270652810415353,0.8391232247400261
0.205322265625,0.8158890573815568,0.8270107026042232,0.838937540754792
0.2062082290649414,0.8159483880774147,0.8269585048100025,0.8387541429801498
0.20709609985351562,0.8160098622377657,0.8269086713074945,0.8385730254052868
0.20798587799072266,0.8160734564835778,0.826861185689629,0.8383941818813804
0.2088775634765625,0.8161391474978337,0.826816031496425,0.8382176061234201
0.20977115631103516,0.8162069120279908,0.8267731922177429,0.8380432917120388
0.21066665649414062,0.8162767268883889,0.8267326512960104,0.837871232095344
0.2115640640258789,0.8163485689626033,0.8266943921289196,0.8377014205907614
0.21246337890625,0.8164224152057428,0.8266583980721,0.83753385038688
0.2133646011352539,0.8164982426467003,0.8266246524417596,0.8373685145453006
0.21426773071289062,0.8165760283903472,0.8265931385173011,0.8372054060024909
0.21517276763916016,0.8166557496196764,0.8265638395439057,0.8370445175716441
0.2160797119140625,0.816737383597894,0.8265367387350944,0.8368858419445372
0.21698856353759766,0.816820907670461,0.8265118192752522,0.8367293716933959
0.21789932250976562,0.8169062992670825,0.8264890643221318,0.8365750992727596
0.2188119888305664,0.8169935359036479,0.8264684570093227,0.8364230170213479
0.2197265625,0.8170825951841212,0.8264499804486909,0.8362731171639287
0.2206430435180664,0.8171734548023778,0.8264336177327923,0.8361253918131879
0.22156143188476562,0.8172660925440004,0.8264193519372539,0.835979832971596
0.22248172760009766,0.8173604862880197,0.8264071661231226,0.8358364325332802
0.2234039306640625,0.8174566140086069,0.826397043339192,0.8356951822858897
0.22432804107666016,0.8175544537767228,0.8263889666242895,0.8355560739124643
0.22525405883789062,0.8176539837617173,0.8263829190095404,0.8354190989933007
0.2261819839477539,0.8177551822328815,0.826378883520597,0.8352842490078135
0.22711181640625,0.8178580275609534,0.8263768431798398,0.8351515153363995
0.2280435562133789,0.8179624982195787,0.8263767810085495,0.8350208892622945
0.22897720336914062,0.8180685727867284,0.8263786800290429,0.8348923619734292
0.22991275787353516,0.8181762299460686,0.8263825232667839,0.8347659245642818
0.2308502197265625,0.8182854484882868,0.8263882937524626,0.8346415680377252
0.23178958892822266,0.8183962073123737,0.8263959745240417,0.8345192833068708
0.23273086547851562,0.818508485426863,0.826405548628773,0.8343990611969081
0.2336740493774414,0.81862226195103,0.826416999125187,0.8342808924469376
0.234619140625,0.8187375161160448,0.8264303090850447,0.8341647677118014
0.2355661392211914,0.8188542272660849,0.8264454615952652,0.8340506775639029
0.23651504516601562,0.8189723748594089,0.8264624397598201,0.8339386124950267
0.23746585845947266,0.8190919384693847,0.8264812267015971,0.8338285629181459
0.2384185791015625,0.8192128977854853,0.8265018055642327,0.8337205191692281
0.23937320709228516,0.8193352326142355,0.8265241595139179,0.8336144715090297
0.24032974243164062,0.8194589228801289,0.8265482717411685,0.8335104101248861
0.2412881851196289,0.8195839486264985,0.8265741254625687,0.8334083251324914
0.24224853515625,0.8197102900163574,0.8266017039224826,0.8333082065776729
0.2432107925415039,0.8198379273331915,0.8266309903947378,0.8332100444381552
0.24417495727539062,0.8199668409817301,0.8266619681842756,0.8331138286253152
0.24514102935791016,0.820097011488663,0.8266946206287754,0.8330195489859313
0.2461090087890625,0.8202284195033402,0.8267289311002438,0.8329271953039188
0.24707889556884766,0.8203610457984183,0.8267648830065814,0.8328367573020597
0.24805068969726562,0.8204948712704859,0.8268024597931123,0.8327482246437219
0.2490243911743164,0.8206298769406479,0.8268416449440911,0.8326615869345652
0.25,0.8207660439550823,0.8268824219841743,0.832576833724242
0.2509775161743164,0.8209033535855529,0.8269247744798679,0.8324939545080846
0.2519569396972656,0.8210417872299043,0.8269686860409424,0.8324129387287816
0.25293827056884766,0.8211813264125104,0.8270141403218226,0.8323337757780439
0.2539215087890625,0.8213219527847044,0.8270611210229435,0.8322564549982598
0.25490665435791016,0.8214636481251695,0.8271096118920824,0.8321809656841389
0.2558937072753906,0.8216063943402999,0.8271595967256622,0.832107297084343
0.2568826675415039,0.8217501734645379,0.8272110593700235,0.8320354384031066
0.25787353515625,0.8218949676606744,0.8272639837226722,0.8319653788018436
0.2588663101196289,0.8220407592201252,0.8273183537334982,0.8318971074007452
0.2598609924316406,0.8221875305631777,0.8273741534059654,0.8318306132803607
0.26085758209228516,0.8223352642392118,0.827431366798276,0.83176588548317
0.2618560791015625,0.8224839429268906,0.8274899780245066,0.8317029130151403
0.26285648345947266,0.822633549434323,0.8275499712557202,0.8316416848472713
0.2638587951660156,0.8227840666992081,0.8276113307210456,0.8315821899171273
0.2648630142211914,0.8229354777889458,0.8276740407087383,0.8315244171303561
0.265869140625,0.8230877659007259,0.8277380855672066,0.8314683553621933
0.2668771743774414,0.8232409143615912,0.8278034497060194,0.831413993458955
0.2678871154785156,0.8233949066284794,0.8278701175968832,0.8313613202395153
0.26889896392822266,0.8235497262882359,0.8279380737745966,0.8313103244967701
0.2699127197265625,0.8237053570576099,0.828007302837977,0.8312609949990895
0.27092838287353516,0.8238617827832224,0.8280777894507633,0.831213320491751
0.2719459533691406,0.824018987441516,0.8281495183424958,0.8311672896983645
0.2729654312133789,0.8241769551386794,0.8282224743093672,0.8311228913222796
0.27398681640625,0.8243356701105542,0.8282966422150535,0.831080114047977
0.2750101089477539,0.8244951167225177,0.8283720069915191,0.8310389465424521
0.2760353088378906,0.8246552794693489,0.8284485536397975,0.8309993774565753
0.27706241607666016,0.8248161429750709,0.8285262672307494,0.8309613954264448
0.2780914306640625,0.8249776919927767,0.828605132905796,0.8309249890747215
0.27912235260009766,0.8251399114044345,0.8286851358776338,0.830890147011949
0.2801551818847656,0.825302786220675,0.8287662614309199,0.8308568578378606
0.2811899185180664,0.825466301580562,0.828848494922939,0.8308251101426692
0.2822265625,0.8256304427513432,0.8289318217842482,0.8307948925083449
0.2832651138305664,0.8257951951281836,0.8290162275192987,0.8307661935098742
0.2843055725097656,0.8259605442338848,0.8291016977070353,0.8307390017165087
0.28534793853759766,0.8261264757185851,0.8291882180014765,0.8307133056929943
0.2863922119140625,0.8262929753594469,0.8292757741322704,0.8306890940007868
0.28743839263916016,0.8264600290603245,0.8293643519052326,0.8306663551992554
0.2884864807128906,0.82662762285142,0.8294539372028618,0.8306450778468658
0.2895364761352539,0.8267957428889251,0.829544515984835,0.8306252505023526
0.29058837890625,0.8269643754546405,0.8296360742884844,0.8306068617258733
0.2916421890258789,0.8271335069555965,0.8297285982292514,0.83058990008015
0.2926979064941406,0.8273031239236454,0.8298220740011221,0.8305743541315942
0.29375553131103516,0.8274732130150477,0.8299164878770475,0.8305602124514151
0.2948150634765625,0.8276437610100464,0.8300118262093377,0.8305474636167168
0.29587650299072266,0.8278147548124238,0.8301080754300415,0.8305360962115758
0.2969398498535156,0.8279861814490524,0.830205222051308,0.8305260988281057
0.2980051040649414,0.8281580280694293,0.8303032526657277,0.8305174600675078
0.299072265625,0.8283302819452015,0.8304021539466571,0.8305101685411027
0.3001413345336914,0.82850293046968,0.8305019126485247,0.8305042128713519
0.3012123107910156,0.8286759611573417,0.8306025156071207,0.8304995816928585
0.30228519439697266,0.8288493616433231,0.8307039497398682,0.8304962636533592
0.3033599853515625,0.8290231196829054,0.8308062020460781,0.830494247414695
0.30443668365478516,0.8291972231509821,0.8309092596071886,0.8304935216537718
0.3055152893066406,0.8293716600415296,0.831013109586984,0.8304940750635034
0.3065958023071289,0.829546418467058,0.8311177392318042,0.8304958963537405
0.30767822265625,0.8297214866580552,0.831223135870733,0.8304989742521836
0.3087625503540039,0.8298968529624305,0.8313292869157705,0.8305032975052841
0.3098487854003906,0.830072505844942,0.8314361798619943,0.8305088548791262
0.31093692779541016,0.8302484338866136,0.8315438022877036,0.8305156351602981
0.3120269775390625,0.8304246257841595,0.831652141854545,0.8305236271567469
0.31311893463134766,0.8306010703493798,0.8317611863076312,0.8305328196986173
0.3142127990722656,0.8307777565085698,0.8318709234756375,0.8305432016390791
0.3153085708618164,0.8309546733019078,0.8319813412708895,0.830554761855138
0.31640625,0.8311318098828483,0.8320924276894338,0.8305674892484308
0.3175058364868164,0.8313091555174957,0.8322041708110991,0.8305813727460107
0.3186073303222656,0.8314866995839845,0.8323165587995385,0.8305964013011146
0.31971073150634766,0.8316644315718487,0.832429579902263,0.8306125638939149
0.3208160400390625,0.8318423410813844,0.8325432224506596,0.8306298495322625
0.32192325592041016,0.8320204178230106,0.8326574748600009,0.8306482472524116
0.3230323791503906,0.8321986516166219,0.8327723256294349,0.830667746119731
0.3241434097290039,0.8323770323909381,0.832887763341971,0.8306883352294029
0.32525634765625,0.8325555501828541,0.8330037766644471,0.8307100037071081
0.3263711929321289,0.8327341951367744,0.8331203543474907,0.8307327407096939
0.3274879455566406,0.8329129575039568,0.8332374852254643,0.8307565354258344
0.32860660552978516,0.833091827641841,0.8333551582164013,0.8307813770766721
0.3297271728515625,0.8332707960133822,0.8334733623219321,0.8308072549164484
0.33084964752197266,0.8334498531863748,0.8335920866271975,0.8308341582331203
0.3319740295410156,0.8336289898327821,0.8337113203007512,0.8308620763489651
0.3331003189086914,0.8338081967280502,0.8338310525944546,0.8308909986211694
0.334228515625,0.8339874647504315,0.8339512728433598,0.830920914442407
0.3353586196899414,0.8341667848802984,0.8340719704655828,0.8309518132414041
0.3364906311035156,0.8343461481994568,0.8341931349621655,0.8309836844834906
0.33762454986572266,0.8345255458904624,0.834314755916932,0.8310165176711388
0.3387603759765625,0.8347049692359203,0.834436822996334,0.8310503023444904
0.33989810943603516,0.8348844096178039,0.8345593259492837,0.83108502808187
0.3410377502441406,0.8350638585167564,0.8346822546069836,0.8311206845002865
0.3421792984008789,0.8352433075113956,0.8348055988827434,0.8311572612559238
0.34332275390625,0.8354227482776175,0.8349293487717924,0.8311947480446155
0.3444681167602539,0.8356021725879036,0.835053494351077,0.831233134602312
0.3456153869628906,0.8357815723106169,0.8351780257790589,0.8312724107055321
0.34676456451416016,0.8359609394093067,0.8353029332954995,0.8313125661718056
0.3479156494140625,0.8361402659420085,0.8354282072212378,0.8313535908601019
0.34906864166259766,0.8363195440605469,0.8355538379579599,0.8313954746712483
0.3502235412597656,0.8364987660098318,0.8356798159879661,0.8314382075483359
0.3513803482055664,0.836677924127161,0.835806131873924,0.8314817794771158
0.3525390625,0.8368570108415174,0.8359327762586217,0.8315261804863814
0.3536996841430664,0.8370360186728751,0.8360597398647063,0.8315714006483426
0.3548622131347656,0.8372149402314921,0.8361870134944247,0.831617430078986
0.35602664947509766,0.8373937682172171,0.8363145880293499,0.8316642589384265
0.3571929931640625,0.8375724954187893,0.8364424544301081,0.8317118774312473
0.35836124420166016,0.8377511147131395,0.8365706037360942,0.8317602758068285
0.3595314025878906,0.8379296190646943,0.836699027065184,0.8318094443596662
0.3607034683227539,0.838108001524678,0.8368277156134423,0.8318593734296807
0.36187744140625,0.8382862552304201,0.8369566606548224,0.8319100534025151
0.3630533218383789,0.838464373404659,0.8370858535408614,0.8319614747098216
0.3642311096191406,0.8386423493548514,0.8372152857003697,0.83201362782954
0.36541080474853516,0.8388201764724772,0.837344948639119,0.8320665032861664
0.3665924072265625,0.8389978482323521,0.8374748339395199,0.8321200916510089
0.36777591705322266,0.8391753581919416,0.8376049332602993,0.8321743835424373
0.3689613342285156,0.8393526999906672,0.8377352383361697,0.8322293696261219
0.3701486587524414,0.8395298673492274,0.8378657409774978,0.8322850406152617
0.371337890625,0.8397068540689113,0.8379964330699652,0.8323413872708041
0.3725290298461914,0.8398836540309181,0.8381273065742275,0.8323984004016559
0.3737220764160156,0.840060261195678,0.8382583535255688,0.8324560708648845
0.37491703033447266,0.8402366696021728,0.838389566033551,0.8325143895659096
0.3761138916015625,0.840412873367263,0.8385209362816618,0.8325733474586887
0.37731266021728516,0.8405888666850145,0.8386524565269559,0.8326329355458888
0.3785133361816406,0.8407646438260259,0.8387841190996972,0.8326931448790551
0.3797159194946289,0.8409401991367622,0.8389159164029925,0.8327539665587669
0.38092041015625,0.8411155270388878,0.8390478409124262,0.8328153917347878
0.3821268081665039,0.841290622028603,0.8391798851756912,0.8328774116062051
0.3833351135253906,0.8414654786759861,0.8393120418122122,0.8329400174215639
0.38454532623291016,0.8416400916243288,0.8394443035127755,0.8330032004789913
0.3857574462890625,0.8418144555894856,0.8395766630391469,0.8330669521263124
0.38697147369384766,0.8419885653592226,0.8397091132236907,0.8331312637611596
0.3881874084472656,0.8421624157925613,0.8398416469689883,0.8331961268310745
0.3894052505493164,0.8423360018191396,0.8399742572474511,0.8332615328335985
0.390625,0.8425093184385587,0.8401069371009334,0.8333274733163629
0.3918466567993164,0.8426823607197496,0.840239679640341,0.8333939398771647
0.3930702209472656,0.8428551238003301,0.8403724780452411,0.8334609241640382
0.39429569244384766,0.8430276028859734,0.8405053255634656,0.8335284178753204
0.3955230712890625,0.8431997932497743,0.8406382155107176,0.8335964127597076
0.39675235748291016,0.8433716902316165,0.8407711412701744,0.8336649006163048
0.3979835510253906,0.8435432892375562,0.8409040962920856,0.8337338732946707
0.3992166519165039,0.8437145857391918,0.8410370740933744,0.8338033226948535
0.40045166015625,0.8438855752730479,0.8411700682572355,0.833873240767421
0.4016885757446289,0.8440562534399595,0.8413030724327317,0.8339436195134847
0.4029273986816406,0.8442266159044589,0.8414360803343899,0.8340144509847167
0.40416812896728516,0.8443966583941674,0.8415690857417931,0.834085727283361
0.4054107666015625,0.8445663766991907,0.8417020824991771,0.8341574405622381
0.40665531158447266,0.8447357666715116,0.8418350645150222,0.834229583024744
0.4079017639160156,0.8449048242244003,0.841968025761642,0.8343021469248434
0.4091501235961914,0.8450735453318106,0.8421009602747771,0.8343751245670546
0.410400390625,0.8452419260277917,0.842233862153184,0.8344485083064348
0.4116525650024414,0.845409962405902,0.8423667255582252,0.834522290548551
0.4129066467285156,0.8455776506186218,0.8424995447134582,0.8345964637494532
0.41416263580322266,0.8457449868767745,0.8426323139042216,0.8346710204156386
0.4154205322265625,0.8459119674489449,0.8427650274772279,0.8347459531040086
0.41668033599853516,0.8460785886609131,0.8428976798401466,0.834821254421826
0.4179420471191406,0.8462448468950753,0.8430302654611961,0.8348969170266618
0.4192056655883789,0.846410738589887,0.8431627788687258,0.8349729336263401
0.42047119140625,0.8465762602392926,0.8432952146508097,0.8350492969788752
0.4217386245727539,0.8467414083921694,0.8434275674548294,0.8351259998924078
0.4230079650878906,0.8469061796517754,0.8435598319870622,0.8352030352251335
0.42427921295166016,0.8470705706751881,0.8436920030122712,0.8352803958852256
0.4255523681640625,0.8472345781727708,0.8438240753532886,0.8353580748307582
0.42682743072509766,0.8473981989076173,0.8439560438906073,0.8354360650696194
0.4281044006347656,0.847561429695015,0.8440879035619685,0.8355143596594233
0.4293832778930664,0.8477242674019089,0.8442196493619487,0.8355929517074163
0.4306640625,0.8478867089463699,0.8443512763415498,0.8356718343703806
0.4319467544555664,0.8480487512970618,0.8444827796077905,0.8357510008545314
0.4332313537597656,0.8482103914727229,0.8446141543232902,0.8358304444154131
0.43451786041259766,0.8483716265416371,0.8447453957058683,0.8359101583577873
0.4358062744140625,0.8485324536211185,0.844876499028128,0.8359901360355227
0.43709659576416016,0.8486928698770012,0.8450074596170528,0.8360703708514743
0.4383888244628906,0.848852872523125,0.8451382728535967,0.836150856257366
0.4396829605102539,0.8490124588208315,0.8452689341722788,0.8362315857536632
0.44097900390625,0.8491716260784585,0.8453994390607777,0.8363125528894472
0.4422769546508789,0.8493303716508461,0.8455297830595255,0.8363937512622821
0.4435768127441406,0.8494886929388374,0.8456599617613058,0.8364751745180807
0.44487857818603516,0.8496465873887885,0.8457899708108491,0.8365568163509667
0.4461822509765625,0.8498040524920827,0.8459198059044315,0.8366386705031325
0.44748783111572266,0.8499610857846446,0.8460494627894749,0.8367207307646957
0.4487953186035156,0.850117684846461,0.8461789372641447,0.836802990973551
0.4501047134399414,0.8502738473011068,0.8463082251769539,0.8368854450152203
0.451416015625,0.8504295708152688,0.8464373224263648,0.8369680868226984
0.4527292251586914,0.8505848530982808,0.8465662249603904,0.837050910376298
0.4540443420410156,0.8507396919016559,0.8466949287762046,0.8371339097034888
0.45536136627197266,0.8508940850186273,0.846823429919743,0.8372170788787391
0.4566802978515625,0.8510480302836918,0.8469517244853133,0.8373004120233478
0.45800113677978516,0.8512015255721499,0.8470798086152057,0.8373839033052803
0.4593238830566406,0.8513545687996654,0.8472076784992986,0.8374675469389982
0.4606485366821289,0.851507157921811,0.8473353303746761,0.8375513371852868
0.46197509765625,0.8516592909336311,0.847462760525236,0.8376352683510828
0.4633035659790039,0.8518109658691991,0.8475899652813075,0.8377193347892968
0.4646339416503906,0.8519621808011841,0.8477169410192676,0.8378035308986351
0.46596622467041016,0.8521129338404209,0.8478436841611559,0.8378878511234183
0.4673004150390625,0.8522632231354758,0.8479701911742975,0.8379722899534007
0.46863651275634766,0.8524130468722302,0.8480964585709213,0.8380568419235824
0.4699745178222656,0.8525624032734543,0.848222482907784,0.8381415016140252
0.4713144302368164,0.8527112905983943,0.8483482607857916,0.838226263649663
0.47265625,0.8528597071423543,0.8484737888496288,0.8383111227001109
0.4739999771118164,0.8530076512362887,0.8485990637873835,0.8383960734794736
0.4753456115722656,0.853155121246396,0.8487240823301775,0.8384811107461517
0.47669315338134766,0.8533021155737177,0.8488488412517946,0.838566229302645
0.4780426025390625,0.853448632653732,0.8489733373683186,0.8386514239953567
0.47939395904541016,0.8535946709559684,0.8490975675377609,0.8387366897143932
0.4807472229003906,0.8537402289836072,0.8492215286597014,0.8388220213933651
0.4821023941040039,0.8538853052730925,0.8493452176749238,0.8389074140091848
0.48345947265625,0.8540298983937493,0.8494686315650559,0.8389928625818645
0.4848184585571289,0.8541740069473991,0.8495917673522129,0.8390783621743098
0.4861793518066406,0.8543176295679831,0.8497146220986364,0.8391639078921158
0.48754215240478516,0.8544607649211854,0.8498371929063445,0.8392494948833604
0.4889068603515625,0.8546034117040631,0.8499594769167743,0.8393351183383942
0.49027347564697266,0.8547455686446763,0.8500814713104345,0.8394207734896343
0.4916419982910156,0.8548872345017232,0.8502031733065538,0.8395064556113504
0.4930124282836914,0.8550284080641819,0.8503245801627344,0.8395921600194572
0.494384765625,0.8551690881509474,0.8504456891746058,0.8396778820713002
0.4957590103149414,0.8553092736104781,0.8505664976754836,0.8397636171654423
0.4971351623535156,0.8554489633204481,0.8506870030360241,0.8398493607414506
0.49851322174072266,0.8555881561873904,0.8508072026638889,0.8399351082796805
0.4998931884765625,0.8557268511463613,0.8509270940034035,0.8400208553010614
0.5012750625610352,0.8558650471605902,0.851046674535225,0.8401065973668789
0.5026588439941406,0.8560027432211487,0.8511659417760041,0.8401923300785578
0.5040445327758789,0.8561399383466053,0.8512848932780591,0.8402780490774453
0.50543212890625,0.8562766315827032,0.851403526629041,0.8403637500445911
0.5068216323852539,0.8564128220020261,0.8515218394516065,0.840449428700529
0.5082130432128906,0.8565485087036689,0.8516398294030965,0.8405350808050571
0.5096063613891602,0.8566836908129235,0.8517574941752057,0.8406207021570179
0.5110015869140625,0.8568183674809494,0.8518748314936667,0.8407062885940784
0.5123987197875977,0.8569525378844616,0.8519918391179271,0.8407918359925064
0.5137977600097656,0.8570862012254198,0.8521085148408315,0.8408773402669519
0.5151987075805664,0.8572193567307106,0.852224856488308,0.8409627973702244
0.5166015625,0.8573520036518444,0.8523408619190522,0.8410482032930701
0.5180063247680664,0.8574841412646514,0.8524565290242169,0.8411335540639496
0.5194129943847656,0.8576157688689768,0.8525718557271023,0.8412188457488167
0.5208215713500977,0.8577468857883825,0.8526868399828471,0.8413040744508936
0.5222320556640625,0.8578774913698541,0.852801479778125,0.8413892363104485
0.5236444473266602,0.8580075849835039,0.8529157731308395,0.8414743275045731
0.5250587463378906,0.8581371660222835,0.8530297180898222,0.8415593442469576
0.5264749526977539,0.8582662339016967,0.8531433127345356,0.841644282787669
0.52789306640625,0.858394788059512,0.8532565551747725,0.8417291394129266
0.5293130874633789,0.8585228279554868,0.8533694435503617,0.8418139104448784
0.5307350158691406,0.8586503530710812,0.8534819760308774,0.8418985922413776
0.5321588516235352,0.8587773629091905,0.8535941508153424,0.8419831811957595
0.5335845947265625,0.8589038569938627,0.8537059661319435,0.8420676737366184
0.5350122451782227,0.8590298348700365,0.8538174202377419,0.8421520663275819
0.5364418029785156,0.8591552961032688,0.8539285114183883,0.8422363554670909
0.5378732681274414,0.859280240279468,0.8540392379878406,0.8423205376881734
0.539306640625,0.8594046670046409,0.85414959828808,0.842404609558224
0.5407419204711914,0.8595285759046211,0.8542595906888343,0.8424885676787794
0.5421791076660156,0.8596519666248186,0.8543692135873017,0.8425724086852963
0.5436182022094727,0.8597748388299645,0.854478465407871,0.8426561292469301
0.5450592041015625,0.8598971922038615,0.8545873446018531,0.8427397260663098
0.5465021133422852,0.8600190264491265,0.8546958496472079,0.8428231958793204
0.5479469299316406,0.860140341286955,0.8548039790482737,0.8429065354548777
0.5493936538696289,0.8602611364568683,0.8549117313355032,0.84298974159471
0.55084228515625,0.8603814117164752,0.8550191050651953,0.8430728111331344
0.5522928237915039,0.8605011668412351,0.8551260988192345,0.8431557409368384
0.5537452697753906,0.8606204016242162,0.8552327112048266,0.84323852790466
0.5551996231079102,0.8607391158758636,0.8553389408542431,0.8433211689673661
0.5566558837890625,0.860857309423772,0.8554447864245593,0.8434036610874351
0.5581140518188477,0.8609749821124476,0.8555502465974054,0.8434860012588377
0.5595741271972656,0.8610921338030872,0.8556553200787069,0.8435681865068182
0.5610361099243164,0.8612087643733556,0.8557600055984347,0.8436502138876768
0.5625,0.8613248737171572,0.8558643019103596,0.8437320804885521
0.5639657974243164,0.8614404617444178,0.8559682077917995,0.8438137834272056
0.5654335021972656,0.8615555283808715,0.8560717220433772,0.8438953198518035
0.5669031143188477,0.8616700735678401,0.8561748434887754,0.8439766869407027
0.5683746337890625,0.8617840972620235,0.8562775709744953,0.8440578819022343
0.5698480606079102,0.8618975994352868,0.8563799033696161,0.8441389019744906
0.5713233947753906,0.8620105800744537,0.8564818395655587,0.8442197444251098
0.5728006362915039,0.8621230391810983,0.8565833784758481,0.8443004065510631
0.57427978515625,0.8622349767713429,0.8566845190358798,0.8443808856784434
0.5757608413696289,0.8623463928756557,0.8567852602026877,0.8444611791622507
0.5772438049316406,0.8624572875386498,0.8568856009547131,0.8445412843861835
0.5787286758422852,0.8625676608188868,0.8569855402915778,0.844621198762426
0.5802154541015625,0.8626775127886818,0.8570850772338552,0.8447009197314389
0.5817041397094727,0.8627868435339089,0.857184210822847,0.8447804447617514
0.5831947326660156,0.8628956531538107,0.8572829401203603,0.8448597713497503
0.5846872329711914,0.8630039417608084,0.8573812642084857,0.8449388970194738
0.586181640625,0.8631117094803157,0.8574791821893784,0.8450178193224037
0.5876779556274414,0.8632189564505524,0.857576693185041,0.8450965358372603
0.5891761779785156,0.8633256828223633,0.8576737963371067,0.8451750441697948
0.5906763076782227,0.8634318887590351,0.8577704908066277,0.8452533419525861
0.5921783447265625,0.8635375744361203,0.8578667757738593,0.8453314268448362
0.5936822891235352,0.8636427400412531,0.8579626504380553,0.8454092965321669
0.5951881408691406,0.8637473857739839,0.8580581140172535,0.8454869487264184
0.5966958999633789,0.8638515118455996,0.8581531657480723,0.8455643811654454
0.59820556640625,0.8639551184789521,0.8582478048855053,0.8456415916129193
0.5997171401977539,0.8640582059082922,0.8583420307027178,0.8457185778581253
0.6012306213378906,0.864160774379101,0.8584358424908443,0.8457953377157655
0.6027460098266602,0.8642628241479197,0.8585292395587917,0.84587186902576
0.6042633056640625,0.8643643554821951,0.8586222212330364,0.8459481696530484
0.6057825088500977,0.8644653686601077,0.8587147868574321,0.8460242374873953
0.6073036193847656,0.8645658639704158,0.8588069357930148,0.846100070443192
0.6088266372680664,0.8646658417122987,0.8588986674178057,0.8461756664592647
0.6103515625,0.8647653021951952,0.8589899811266258,0.8462510234986776
0.6118783950805664,0.8648642457386557,0.8590808763309015,0.8463261395485421
0.6134071350097656,0.8649626726721801,0.8591713524584791,0.8464010126198238
0.6149377822875977,0.8650605833350722,0.8592614089534388,0.8464756407471506
0.6164703369140625,0.8651579780762904,0.8593510452759064,0.8465500219886241
0.6180047988891602,0.8652548572542957,0.8594402609018752,0.8466241544256274
0.6195411682128906,0.8653512212369077,0.8595290553230217,0.8466980361626405
0.6210794448852539,0.8654470704011592,0.8596174280465259,0.8467716653270482
0.62261962890625,0.8655424051331527,0.8597053785948927,0.8468450400689573
0.6241617202758789,0.8656372258279196,0.8597929065057777,0.8469181585610088
0.6257057189941406,0.8657315328892791,0.8598800113318095,0.8469910189981934
0.6272516250610352,0.8658253267297039,0.8599666926404159,0.847063619597668
0.6287994384765625,0.8659186077701755,0.8600529500136554,0.8471359585985727
0.6303491592407227,0.866011376440054,0.860138783048044,0.8472080342618481
0.6319007873535156,0.8661036331769484,0.8602241913543853,0.8472798448700559
0.6334543228149414,0.8661953784265752,0.8603091745576064,0.8473513887271974
0.635009765625,0.8662866126426352,0.8603937322965902,0.8474226641585344
0.6365671157836914,0.8663773362866813,0.8604778642240111,0.8474936695104124
0.6381263732910156,0.86646754982799,0.8605615700061723,0.8475644031500821
0.6396875381469727,0.866557253743438,0.8606448493228454,0.8476348634655234
0.6412506103515625,0.8666464485173756,0.8607277018671099,0.84770504886527
0.6428155899047852,0.866735134641504,0.8608101273451931,0.8477749577782367
0.6443824768066406,0.8668233126147507,0.8608921254763178,0.8478445886535436
0.6459512710571289,0.8669109829431575,0.8609736959925411,0.847913939960346
0.64752197265625,0.8669981461397479,0.8610548386386055,0.8479830101876611
0.6490945816040039,0.8670848027244225,0.8611355531717828,0.8480517978441986
0.6506690979003906,0.8671709532238373,0.8612158393617236,0.8481203014581924
0.6522455215454102,0.8672565981712844,0.8612956969903102,0.8481885195772292
0.6538238525390625,0.8673417381065874,0.861375125851504,0.8482564507680841
0.6554040908813477,0.8674263735759812,0.8614541257512021,0.8483240936165525
0.6569862365722656,0.8675105051320051,0.8615326965070903,0.8483914467272848
0.6585702896118164,0.8675941333333944,0.8616108379484978,0.8484585087236217
0.66015625,0.8676772587449674,0.8616885499162562,0.8485252782474316
0.6617441177368164,0.8677598819375221,0.8617658322625569,0.8485917539589471
0.6633338928222656,0.867842003487729,0.8618426848508114,0.8486579345366033
0.6649255752563477,0.8679236239780267,0.8619191075555122,0.8487238186768782
0.6665191650390625,0.8680047439965184,0.8619951002620952,0.8487894050941319
0.6681146621704102,0.8680853641368698,0.8620706628668044,0.848854692520449
0.6697120666503906,0.8681654849982089,0.8621457952765544,0.8489196797054803
0.6713113784790039,0.868245107185026,0.8622204974088005,0.848984365416286
0.67291259765625,0.8683242313070753,0.8622947691914021,0.8490487484371806
0.6745157241821289,0.8684028579792752,0.8623686105624966,0.8491128275695776
0.6761207580566406,0.8684809878216148,0.862442021470365,0.8491766016318363
0.6777276992797852,0.8685586214590617,0.8625150018733052,0.8492400694591081
0.6793365478515625,0.8686357595214586,0.8625875517395056,0.8493032299031861
0.6809473037719727,0.8687124026434417,0.8626596710469173,0.8493660818323521
0.6825599670410156,0.8687885514643419,0.8627313597831302,0.8494286241312295
0.6841745376586914,0.8688642066280962,0.8628026179452483,0.8494908557006323
0.685791015625,0.8689393687831589,0.8628734455397693,0.8495527754574179
0.6874094009399414,0.8690140385824123,0.8629438425824615,0.8496143823343397
0.6890296936035156,0.8690882166830798,0.8630138090982438,0.8496756752799023
0.6906518936157227,0.8691619037466408,0.8630833451210674,0.8497366532582147
0.6922760009765625,0.8692351004387425,0.8631524506937975,0.8497973152488478
0.6939020156860352,0.8693078074291194,0.8632211258680981,0.8498576602466903
0.6955299377441406,0.8693800253915058,0.8632893707043151,0.849917687261807
0.6971597671508789,0.8694517550035605,0.8633571852713608,0.8499773953192971
0.69879150390625,0.869522996946777,0.8634245696466046,0.8500367834591549
0.7004251480102539,0.8695937519064113,0.8634915239157569,0.850095850736129
0.7020606994628906,0.8696640205713964,0.8635580481727603,0.8501545962195858
0.7036981582641602,0.8697338036342696,0.86362414251968,0.85021301899337
0.7053375244140625,0.8698031017910911,0.8636898070665929,0.8502711181556696
0.7069787979125977,0.8698719157413703,0.8637550419314821,0.8503288928188807
0.7086219787597656,0.8699402461879878,0.8638198472401302,0.8503863421094708
0.7102670669555664,0.8700080938371259,0.8638842231260114,0.850443465167847
0.7119140625,0.8700754593981889,0.8639481697301895,0.8505002611482229
0.7135629653930664,0.870142343583734,0.8640116872012144,0.8505567292184861
0.7152137756347656,0.8702087471094022,0.8640747756950167,0.850612868560068
0.7168664932250977,0.870274670693841,0.8641374353748104,0.8506686783678139
0.7185211181640625,0.870340115058641,0.86419966641099,0.8507241578498527
0.7201776504516602,0.8704050809282607,0.8642614689810318,0.8507793062274704
0.7218360900878906,0.8704695690299661,0.864322843269395,0.8508341227349819
0.7234964370727539,0.8705335800937557,0.8643837894674256,0.8508886066196044
0.72515869140625,0.8705971148522974,0.8644443077732593,0.8509427571413332
0.7268228530883789,0.8706601740408652,0.864504398391725,0.8509965735728163
0.7284889221191406,0.8707227583972694,0.864564061534253,0.8510500551992297
0.7301568984985352,0.8707848686617967,0.8646232974187786,0.8511032013181578
0.7318267822265625,0.8708465055771452,0.8646821062696528,0.8511560112394678
0.7334985733032227,0.870907669888363,0.864740488317547,0.8512084842851912
0.7351722717285156,0.8709683623427861,0.8647984437993653,0.8512606197894032
0.7368478775024414,0.8710285836899765,0.8648559729581538,0.8513124170981032
0.738525390625,0.871088334681664,0.864913076043012,0.8513638755690967
0.7402048110961914,0.8711476160716864,0.8649697533090045,0.8514149945718766
0.7418861389160156,0.8712064286159308,0.8650260050170743,0.85146577348751
0.7435693740844727,0.8712647730722746,0.8650818314339574,0.8515162117085178
0.7452545166015625,0.8713226502005313,0.8651372328320964,0.851566308638764
0.7469415664672852,0.8713800607623925,0.8651922094895571,0.8516160636933386
0.7486305236816406,0.8714370055213723,0.8652467616899446,0.8516654762984475
0.7503213882446289,0.8714934852427534,0.8653008897223202,0.851714545891296
0.75201416015625,0.871549500693529,0.8653545938811228,0.8517632719199819
0.7537088394165039,0.8716050526423577,0.8654078744660828,0.851811653843382
0.7554054260253906,0.8716601418595015,0.8654607317821473,0.8518596911310427
0.7571039199829102,0.8717147691167805,0.8655131661393972,0.8519073832630717
0.7588043212890625,0.8717689351875171,0.8655651778529712,0.8519547297300298
0.7605066299438477,0.8718226408464885,0.8656167672429864,0.852001730032823
0.7622108459472656,0.871875886869875,0.8656679346344633,0.8520483836825965
0.7639169692993164,0.8719286740352116,0.8657186803572487,0.8520946902006284
0.765625,0.8719810031213368,0.865769004745941,0.8521406491182265
0.7673349380493164,0.8720328749083476,0.8658189081398168,0.852186259976621
0.7690467834472656,0.872084290177549,0.8658683908827556,0.8522315223268658
0.7707605361938477,0.8721352497114117,0.8659174533231678,0.8522764357297316
0.7724761962890625,0.8721857542935222,0.8659660958139233,0.8523209997556062
0.7741937637329102,0.8722358047085356,0.86601431871228,0.8523652139843948
0.7759132385253906,0.8722854017421349,0.866062122379812,0.8524090780054184
0.7776346206665039,0.8723345461809853,0.866109507182342,0.8524525914173137
0.77935791015625,0.8723832388126892,0.8661564734898711,0.852495753827936
0.7810831069946289,0.8724314804257423,0.866203021676511,0.8525385648542623
0.7828102111816406,0.8724792718094943,0.8662491521204156,0.8525810241222915
0.7845392227172852,0.8725266137541021,0.8662948652037159,0.8526231312669504
0.7862701416015625,0.8725735070504934,0.8663401613124516,0.8526648859319977
0.7880029678344727,0.8726199524903215,0.8663850408365074,0.8527062877699294
0.7897377014160156,0.8726659508659271,0.8664295041695489,0.8527473364418835
0.7914743423461914,0.8727115029702984,0.8664735517089567,0.852788031617549
0.793212890625,0.8727566095970306,0.8665171838557638,0.8528283729750721
0.7949533462524414,0.872801271540288,0.8665604010145936,0.8528683602009638
0.7966957092285156,0.8728454895947664,0.8666032035935974,0.8529079929900114
0.7984399795532227,0.8728892645556516,0.8666455920043942,0.8529472710451849
0.8001861572265625,0.8729325972185894,0.8666875666620075,0.85298619407755
0.8019342422485352,0.8729754883796411,0.8667291279848092,0.8530247618061784
0.8036842346191406,0.8730179388352513,0.8667702763944564,0.8530629739580595
0.8054361343383789,0.8730599493822131,0.8668110123158357,0.853100830268013
0.80718994140625,0.8731015208176305,0.8668513361770027,0.8531383304786028
0.8089456558227539,0.8731426539388848,0.8668912484091266,0.8531754743400506
0.8107032775878906,0.8731833495435989,0.8669307494464334,0.85321226161015
0.8124628067016602,0.8732236084296052,0.8669698397261485,0.8532486920541834
0.8142242431640625,0.8732634313949134,0.8670085196884416,0.8532847654448361
0.8159875869750977,0.8733028192376745,0.8670467897763722,0.8533204815621154
0.8177528381347656,0.8733417727561512,0.8670846504358344,0.8533558401932657
0.8195199966430664,0.8733802927486828,0.8671221021155053,0.8533908411326886
0.8212890625,0.8734183800136559,0.8671591452667898,0.8534254841818602
0.8230600357055664,0.8734560353494759,0.8671957803437668,0.8534597691492518
0.8248329162597656,0.8734932595545307,0.8672320078031426,0.8534936958502486
0.8266077041625977,0.8735300534271643,0.8672678281041928,0.8535272641070727
0.8283843994140625,0.8735664177656475,0.8673032417087168,0.853560473748702
0.8301630020141602,0.8736023533681443,0.8673382490809842,0.853593324610794
0.8319435119628906,0.8736378610326889,0.8673728506876871,0.8536258165356079
0.8337259292602539,0.8736729415571541,0.8674070469978894,0.8536579493719284
0.83551025390625,0.8737075957392212,0.86744083848298,0.8536897229749892
0.8372964859008789,0.8737418243763568,0.8674742256166229,0.8537211372063983
0.8390846252441406,0.8737756282657814,0.8675072088747109,0.853752191934062
0.8408746719360352,0.8738090082044471,0.8675397887353181,0.853782887032113
0.8426666259765625,0.8738419649890058,0.8675719656786531,0.8538132223808349
0.8444604873657227,0.8738744994157877,0.8676037401870142,0.8538431978665904
0.8462562561035156,0.8739066122807718,0.8676351127447429,0.8538728133817479
0.8480539321899414,0.8739383043795629,0.8676660838381801,0.8539020688246124
0.849853515625,0.8739695765073682,0.8676966539556191,0.8539309640993515
0.8516550064086914,0.8740004294589663,0.8677268235872657,0.8539594991159268
0.8534584045410156,0.874030864028693,0.8677565932251906,0.8539876737900236
0.8552637100219727,0.8740608810104052,0.8677859633632907,0.8540154880429811
0.8570709228515625,0.8740904811974705,0.8678149344972418,0.8540429418017256
0.8588800430297852,0.8741196653827313,0.8678435071244613,0.8540700349986995
0.8606910705566406,0.8741484343584919,0.8678716817440638,0.8540967675717964
0.8625040054321289,0.8741767889164914,0.8678994588568212,0.8541231394642932
0.86431884765625,0.8742047298478817,0.8679268389651215,0.8541491506247835
0.8661355972290039,0.8742322579432058,0.8679538225729297,0.8541748010071119
0.8679542541503906,0.8742593739923786,0.8679804101857479,0.8542000905703092
0.8697748184204102,0.8742860787846621,0.868006602310574,0.8542250192785285
0.8715972900390625,0.874312373108649,0.8680323994558664,0.8542495871009781
0.8734216690063477,0.8743382577522347,0.8680578021315047,0.8542737940118617
0.8752479553222656,0.8743637335026082,0.8680828108487493,0.8542976399903128
0.8770761489868164,0.8743888011462206,0.8681074261202077,0.8543211250203336
0.87890625,0.8744134614687747,0.8681316484597945,0.8543442490907323
0.8807382583618164,0.8744377152551998,0.8681554783826968,0.8543670121950618
0.8825721740722656,0.8744615632896364,0.8681789164053374,0.8543894143315597
0.8844079971313477,0.8744850063554142,0.8682019630453388,0.8544114555030867
0.8862457275390625,0.8745080452350371,0.8682246188214883,0.8544331357170674
0.8880853652954102,0.8745306807101625,0.8682468842537033,0.8544544549854317
0.8899269104003906,0.8745529135615849,0.868268759862996,0.8544754133245543
0.8917703628540039,0.8745747445692174,0.8682902461714408,0.8544960107551987
0.89361572265625,0.8745961745120763,0.868311343702138,0.8545162473024565
0.8954629898071289,0.8746172041682608,0.868332052979184,0.8545361229956943
0.8973121643066406,0.8746378343149421,0.8683523745276339,0.8545556378684919
0.8991632461547852,0.8746580657283373,0.868372308873476,0.8545747919585902
0.9010162353515625,0.8746778991837042,0.8683918565435913,0.8545935853078341
0.9028711318969727,0.8746973354553175,0.8684110180657271,0.8546120179621157
0.9047279357910156,0.8747163753164579,0.8684297939684645,0.8546300899713222
0.9065866470336914,0.8747350195393927,0.8684481847811873,0.8546478013892789
0.908447265625,0.8747532688953644,0.8684661910340505,0.854665152273698
0.9103097915649414,0.8747711241545743,0.868483813257951,0.854682142686123
0.9121742248535156,0.8747885860861654,0.8685010519844979,0.8546987726918768
0.9140405654907227,0.8748056554582119,0.868517907745982,0.8547150423600097
0.9159088134765625,0.8748223330377038,0.8685343810753469,0.8547309517632463
0.9177789688110352,0.8748386195905322,0.8685504725061604,0.8547465009779351
0.9196510314941406,0.8748545158814757,0.8685661825725853,0.8547616900839966
0.9215250015258789,0.8748700226741879,0.868581511809352,0.8547765191648738
0.92340087890625,0.8748851407311832,0.8685964607517301,0.8547909883074803
0.9252786636352539,0.8748998708138231,0.8686110299355031,0.8548050976021522
0.9271583557128906,0.8749142136823063,0.8686252198969361,0.8548188471425987
0.9290399551391602,0.8749281700956534,0.8686390311727542,0.8548322370258519
0.9309234619140625,0.8749417408116964,0.8686524643001126,0.8548452673522198
0.9328088760375977,0.8749549265870632,0.8686655198165725,0.8548579382252384
0.9346961975097656,0.8749677281771716,0.8686781982600738,0.8548702497516228
0.9365854263305664,0.8749801463362119,0.8686905001689107,0.8548822020412213
0.9384765625,0.8749921818171384,0.8687024260817042,0.8548937952069688
0.9403696060180664,0.8750038353716564,0.8687139765373808,0.8549050293648396
0.9422645568847656,0.8750151077502144,0.8687251520751436,0.854915904633802
0.9441614151000977,0.8750259997019897,0.8687359532344512,0.8549264211357731
0.9460601806640625,0.8750365119748784,0.8687463805549922,0.8549365789955737
0.9479608535766602,0.8750466453154848,0.8687564345766619,0.8549463783408835
0.9498634338378906,0.8750564004691154,0.8687661158395377,0.8549558193021964
0.9517679214477539,0.8750657781797619,0.8687754248838582,0.8549649020127779
0.95367431640625,0.8750747791900956,0.8687843622499966,0.8549736266086199
0.9555826187133789,0.8750834042414555,0.8687929284784434,0.8549819932284
0.9574928283691406,0.8750916540738422,0.8688011241097786,0.8549900020134364
0.9594049453735352,0.8750995294259051,0.8688089496846523,0.8549976531076471
0.9613189697265625,0.8751070310349338,0.8688164057437634,0.8550049466575077
0.9632349014282227,0.8751141596368508,0.8688234928278367,0.8550118828120097
0.9651527404785156,0.8751209159661993,0.8688302114776022,0.8550184617226196
0.9670724868774414,0.8751273007561401,0.8688365622337744,0.8550246835432379
0.968994140625,0.8751333147384381,0.8688425456370302,0.8550305484301587
0.9709177017211914,0.8751389586434538,0.8688481622279913,0.8550360565420292
0.9728431701660156,0.8751442332001405,0.8688534125472002,0.8550412080398121
0.9747705459594727,0.8751491391360298,0.8688582971351029,0.8550460030867431
0.9766998291015625,0.8751536771772285,0.8688628165320289,0.8550504418482945
0.9786310195922852,0.8751578480484086,0.8688669712781713,0.8550545244921353
0.9805641174316406,0.8751616524727983,0.8688707619135662,0.8550582511880938
0.9824991226196289,0.8751650911721821,0.8688741889780753,0.8550616221081185
0.98443603515625,0.8751681648668816,0.868877253011369,0.8550646374262421
0.9863748550415039,0.8751708742757601,0.8688799545529028,0.8550672973185426
0.9883155822753906,0.8751732201162079,0.8688822941419039,0.8550696019631078
0.9902582168579102,0.8751752031041383,0.8688842723173511,0.8550715515399977
0.9922027587890625,0.8751768239539811,0.8688858896179565,0.8550731462312096
0.9941492080688477,0.8751780833786779,0.8688871465821488,0.8550743862206409
0.9960975646972656,0.8751789820896719,0.8688880437480551,0.8550752716940537
0.9980478286743164,0.8751795207969021,0.8688885816534859,0.8550758028390409
1.0,0.8751797002088024,0.8688887608359156,0.8550759798449892
